"number","family","name"
1,"Piano","Acoustic Grand Piano"
2,"Piano","Bright Acoustic Piano"
3,"Piano","Electric Grand Piano"
4,"Piano","Honky-tonk Piano"
5,"Piano","Electric Piano 1"
6,"Piano","Electric Piano 2"
7,"Piano","Harpsichord"
8,"Piano","Clavi"
9,"Chromatic Percussion","Celesta"
10,"Chromatic Percussion","Glockenspiel"
11,"Chromatic Percussion","Music Box"
12,"Chromatic Percussion","Vibraphone"
13,"Chromatic Percussion","Marimba"
14,"Chromatic Percussion","Xylophone"
15,"Chromatic Percussion","Tubular Bells"
16,"Chromatic Percussion","Dulcimer"
17,"Organ","Drawbar Organ"
18,"Organ","Percussive Organ"
19,"Organ","Rock Organ"
20,"Organ","Church Organ"
21,"Organ","Reed Organ"
22,"Organ","Accordion"
23,"Organ","Harmonica"
24,"Organ","Tango Accordion"
25,"Guitar","Acoustic Guitar (nylon)"
26,"Guitar","Acoustic Guitar (steel)"
27,"Guitar","Electric Guitar (jazz)"
28,"Guitar","Electric Guitar (clean)"
29,"Guitar","Electric Guitar (muted)"
30,"Guitar","Overdriven Guitar"
31,"Guitar","Distortion Guitar"
32,"Guitar","Guitar harmonics"
33,"Bass","Acoustic Bass"
34,"Bass","Electric Bass (finger)"
35,"Bass","Electric Bass (pick)"
36,"Bass","Fretless Bass"
37,"Bass","Slap Bass 1"
38,"Bass","Slap Bass 2"
39,"Bass","Synth Bass 1"
40,"Bass","Synth Bass 2"
41,"Strings","Violin"
42,"Strings","Viola"
43,"Strings","Cello"
44,"Strings","Contrabass"
45,"Strings","Tremolo Strings"
46,"Strings","Pizzicato Strings"
47,"Strings","Orchestral Harp"
48,"Strings","Timpani"
49,"Ensemble","String Ensemble 1"
50,"Ensemble","String Ensemble 2"
51,"Ensemble","SynthStrings 1"
52,"Ensemble","SynthStrings 2"
53,"Ensemble","Choir Aahs"
54,"Ensemble","Voice Oohs"
55,"Ensemble","Synth Voice"
56,"Ensemble","Orchestra Hit"
57,"Brass","Trumpet"
58,"Brass","Trombone"
59,"Brass","Tuba"
60,"Brass","Muted Trumpet"
61,"Brass","French Horn"
62,"Brass","Brass Section"
63,"Brass","SynthBrass 1"
64,"Brass","SynthBrass 2"
65,"Reed","Soprano Sax"
66,"Reed","Alto Sax"
67,"Reed","Tenor Sax"
68,"Reed","Baritone Sax"
69,"Reed","Oboe"
70,"Reed","English Horn"
71,"Reed","Bassoon"
72,"Reed","Clarinet"
73,"Pipe","Piccolo"
74,"Pipe","Flute"
75,"Pipe","Recorder"
76,"Pipe","Pan Flute"
77,"Pipe","Blown Bottle"
78,"Pipe","Shakuhachi"
79,"Pipe","Whistle"
80,"Pipe","Ocarina"
81,"Synth Lead","Lead 1 (square)"
82,"Synth Lead","Lead 2 (sawtooth)"
83,"Synth Lead","Lead 3 (calliope)"
84,"Synth Lead","Lead 4 (chiff)"
85,"Synth Lead","Lead 5 (charang)"
86,"Synth Lead","Lead 6 (voice)"
87,"Synth Lead","Lead 7 (fifths)"
88,"Synth Lead","Lead 8 (bass + lead)"
89,"Synth Pad","Pad 1 (new age)"
90,"Synth Pad","Pad 2 (warm)"
91,"Synth Pad","Pad 3 (polysynth)"
92,"Synth Pad","Pad 4 (choir)"
93,"Synth Pad","Pad 5 (bowed)"
94,"Synth Pad","Pad 6 (metallic)"
95,"Synth Pad","Pad 7 (halo)"
96,"Synth Pad","Pad 8 (sweep)"
97,"Synth Effects","FX 1 (rain)"
98,"Synth Effects","FX 2 (soundtrack)"
99,"Synth Effects","FX 3 (crystal)"
100,"Synth Effects","FX 4 (atmosphere)"
101,"Synth Effects","FX 5 (brightness)"
102,"Synth Effects","FX 6 (goblins)"
103,"Synth Effects","FX 7 (echoes)"
104,"Synth Effects","FX 8 (sci-fi)"
105,"Ethnic","Sitar"
106,"Ethnic","Banjo"
107,"Ethnic","Shamisen"
108,"Ethnic","Koto"
109,"Ethnic","Kalimba"
110,"Ethnic","Bag pipe"
111,"Ethnic","Fiddle"
112,"Ethnic","Shanai"
113,"Percussive","Tinkle Bell"
114,"Percussive","Agogo"
115,"Percussive","Steel Drums"
116,"Percussive","Woodblock"
117,"Percussive","Taiko Drum"
118,"Percussive","Melodic Tom"
119,"Percussive","Synth Drum"
120,"Percussive","Reverse Cymbal"
121,"Sound Effects","Guitar Fret Noise"
122,"Sound Effects","Breath Noise"
123,"Sound Effects","Seashore"
124,"Sound Effects","Bird Tweet"
125,"Sound Effects","Telephone Ring"
126,"Sound Effects","Helicopter"
127,"Sound Effects","Applause"
128,"Sound Effects","Gunshot"
